skewness,kurtosis_excess
-0.19578852150560103,4.521709409982862
