skewness,kurtosis_excess
-0.06700908114281032,2.8819071935385256
