skewness,kurtosis_excess
-0.05463973812402752,2.998996661414689
