skewness,kurtosis_excess
-0.19612393351656493,4.517035918642587
