skewness,kurtosis_excess
-0.19539580953537355,4.519178383397259
