skewness,kurtosis_excess
-0.2704283469773123,4.220544195715817
