level,expected_rate,n,violations,violation_rate,LR_pof,p_value,verdict
95,0.05,2240,132,0.05892857142857143,3.5645671269079457,0.05902512822095407,PASS
99,0.01,2240,35,0.015625,6.111824068436988,0.01342804753607918,FAIL
