model,level,expected_rate,n,violations,violation_rate,LR_pof,p_value,verdict
tVaR,95,0.05,2238,145,0.06478999106344951,9.465166507372714,0.0020941042432077728,FAIL
GARCHVaR,95,0.05,2238,133,0.059428060768543345,3.9598728038318995,0.04659722424708557,FAIL
tVaR,99,0.01,2238,36,0.0160857908847185,7.06918678099197,0.007842084139322192,FAIL
GARCHVaR,99,0.01,2238,47,0.02100089365504915,20.78070727051096,5.149915033864083e-06,FAIL
