model,level,expected_rate,n,violations,violation_rate,LR_pof,p_value,verdict
tVaR,95,0.05,2234,144,0.06445837063563116,9.04511654639532,0.0026339743747165745,FAIL
GARCHVaR,95,0.05,2234,133,0.05953446732318711,4.040115856502894,0.04443077139133189,FAIL
tVaR,99,0.01,2234,35,0.01566696508504924,6.180455883939771,0.012916899229194923,FAIL
GARCHVaR,99,0.01,2234,47,0.021038495971351837,20.87025452399928,4.914676151157593e-06,FAIL
