level,expected_rate,n,violations,violation_rate,LR_pof,p_value,verdict
95,0.05,2239,132,0.05895489057615007,3.5834809718219276,0.05835674644972377,PASS
99,0.01,2239,35,0.01563197856185797,6.123227198960649,0.013341701326588407,FAIL
