model,level,expected_rate,n,violations,violation_rate,LR_pof,p_value,verdict
tVaR,95,0.05,2229,142,0.06370569762225213,8.142164727760473,0.00432476232652057,FAIL
GARCHVaR,95,0.05,2229,131,0.05877074921489457,3.4258218261996944,0.06418428996784908,PASS
tVaR,99,0.01,2229,33,0.014804845222072678,4.528445314794794,0.03333588912583041,FAIL
GARCHVaR,99,0.01,2229,45,0.020188425302826378,18.041713017575432,2.1611730771198268e-05,FAIL
