level,expected_rate,n,violations,violation_rate,LR_pof,p_value,verdict
95,0.05,2230,129,0.05784753363228699,2.758215403846748,0.09675611536460937,PASS
99,0.01,2230,33,0.014798206278026907,4.5187216646911565,0.0335258722779318,FAIL
