level,expected_rate,n,violations,violation_rate,LR_pof,p_value,verdict
95,0.05,2235,131,0.05861297539149888,3.3155254223615884,0.06862837962338841,PASS
99,0.01,2235,35,0.015659955257270694,6.168981699942094,0.013000942117583403,FAIL
