Scenario,Shock_Return,PnL_KRW,Loss_KRW
Historical Worst (1D Return),-0.12536429982354882,-1253642.9982354883,1253642.9982354883
Severe Shock (-10%),-0.1,-1000000.0,1000000.0
Moderate Shock (-5%),-0.05,-500000.0,500000.0
