moderate_threshold,high_threshold,n_total,n_violation,violation_rate
-0.05725854240156161,-0.07492407355678891,2205,122,0.055328798185941046
