moderate_threshold,high_threshold,n_total,n_violation,violation_rate
-0.05689003610241927,-0.07488999226939148,2201,120,0.05452067242162653
