confidence_level,lookback_days,horizon_days,assume_mean_zero,sigma_1d,sigma_h,left_tail_prob,q_left,var_return,var_krw
0.95,30,5,True,0.03297962775086693,0.07374468952357695,0.050000000000000044,-1.6448536269514722,-0.12129922003126578,-1212992.2003126577
