confidence_level,lookback_days,horizon_days,assume_mean_zero,sigma_1d,sigma_h,left_tail_prob,q_left,var_return,var_krw
0.95,30,5,True,0.0556132791808914,0.124355072700147,0.050000000000000044,-1.6448536269514722,-0.20454589236065082,-2045458.9236065082
