moderate_threshold,high_threshold,n_total,n_violation,violation_rate
-0.05725852984032631,-0.07493159980344993,2206,122,0.05530371713508613
