moderate_threshold,high_threshold,n_total,n_violation,violation_rate
-0.057258425580007016,-0.07493162251918027,2206,122,0.05530371713508613
