alpha,VaR,CVaR
0.95,-0.027715579987122086,-0.041118817261152005
0.99,-0.04729643492696422,-0.06689798747079526
