alpha,VaR,CVaR
0.95,-0.02776723807343821,-0.04152425665460952
0.99,-0.04759881033740602,-0.06813246123910782
