alpha,VaR,CVaR
0.95,-0.027763245010285587,-0.041524254148655806
0.99,-0.04759353943835816,-0.06813248063146665
