alpha,VaR,CVaR
0.95,-0.02765137757916917,-0.03960092546978395
0.99,-0.04703218931327514,-0.06087090837230209
