alpha,VaR,CVaR
0.95,-0.027763334251444338,-0.041524249837005464
0.99,-0.04759361767906175,-0.06813245100525397
