alpha,VaR,CVaR
0.95,-0.027403064833093238,-0.03909588937426783
0.99,-0.04661209162158842,-0.059436321760596454
